<hark_xml version="1.3">
    <config>
        <comment>conversion from libharkio2 to libharkio3</comment>
        <SynchronousAverage>16</SynchronousAverage>
        <TSPpath></TSPpath>
        <TSPOffset>16384</TSPOffset>
        <PeakSearch from="0" to="0"/>
        <nfft>512</nfft>
        <samplingRate>16000</samplingRate>
        <signalMax>32768</signalMax>
        <TSPLength>0</TSPLength>
    </config>
    <positions type="soundsource" frame="1" coordinate="cartesian">
        <position x="0.000" y="-0.958" z="0.287" id="0"/>
        <position x="0.083" y="-0.954" z="0.287" id="1"/>
        <position x="0.166" y="-0.943" z="0.287" id="2"/>
        <position x="0.248" y="-0.925" z="0.287" id="3"/>
        <position x="0.328" y="-0.900" z="0.287" id="4"/>
        <position x="0.405" y="-0.868" z="0.287" id="5"/>
        <position x="0.479" y="-0.830" z="0.287" id="6"/>
        <position x="0.549" y="-0.785" z="0.287" id="7"/>
        <position x="0.616" y="-0.734" z="0.287" id="8"/>
        <position x="0.677" y="-0.677" z="0.287" id="9"/>
        <position x="0.734" y="-0.616" z="0.287" id="10"/>
        <position x="0.785" y="-0.549" z="0.287" id="11"/>
        <position x="0.830" y="-0.479" z="0.287" id="12"/>
        <position x="0.868" y="-0.405" z="0.287" id="13"/>
        <position x="0.900" y="-0.328" z="0.287" id="14"/>
        <position x="0.925" y="-0.248" z="0.287" id="15"/>
        <position x="0.943" y="-0.166" z="0.287" id="16"/>
        <position x="0.954" y="-0.083" z="0.287" id="17"/>
        <position x="0.958" y="0.000" z="0.287" id="18"/>
        <position x="0.954" y="0.083" z="0.287" id="19"/>
        <position x="0.943" y="0.166" z="0.287" id="20"/>
        <position x="0.925" y="0.248" z="0.287" id="21"/>
        <position x="0.900" y="0.328" z="0.287" id="22"/>
        <position x="0.868" y="0.405" z="0.287" id="23"/>
        <position x="0.830" y="0.479" z="0.287" id="24"/>
        <position x="0.785" y="0.549" z="0.287" id="25"/>
        <position x="0.734" y="0.616" z="0.287" id="26"/>
        <position x="0.677" y="0.677" z="0.287" id="27"/>
        <position x="0.616" y="0.734" z="0.287" id="28"/>
        <position x="0.549" y="0.785" z="0.287" id="29"/>
        <position x="0.479" y="0.830" z="0.287" id="30"/>
        <position x="0.405" y="0.868" z="0.287" id="31"/>
        <position x="0.328" y="0.900" z="0.287" id="32"/>
        <position x="0.248" y="0.925" z="0.287" id="33"/>
        <position x="0.166" y="0.943" z="0.287" id="34"/>
        <position x="0.083" y="0.954" z="0.287" id="35"/>
        <position x="0.000" y="0.958" z="0.287" id="36"/>
    </positions>
    <neighbors algorithm="NearestNeighbor">
        <neighbor id="0" ids="0;1;2;"/>
        <neighbor id="1" ids="1;2;0;"/>
        <neighbor id="2" ids="2;1;3;"/>
        <neighbor id="3" ids="3;4;2;"/>
        <neighbor id="4" ids="4;3;5;"/>
        <neighbor id="5" ids="5;6;4;"/>
        <neighbor id="6" ids="6;5;7;"/>
        <neighbor id="7" ids="7;6;8;"/>
        <neighbor id="8" ids="8;9;7;"/>
        <neighbor id="9" ids="9;8;10;"/>
        <neighbor id="10" ids="10;9;11;"/>
        <neighbor id="11" ids="11;12;10;"/>
        <neighbor id="12" ids="12;13;11;"/>
        <neighbor id="13" ids="13;12;14;"/>
        <neighbor id="14" ids="14;15;13;"/>
        <neighbor id="15" ids="15;14;16;"/>
        <neighbor id="16" ids="16;17;15;"/>
        <neighbor id="17" ids="17;16;18;"/>
        <neighbor id="18" ids="18;17;19;"/>
        <neighbor id="19" ids="19;20;18;"/>
        <neighbor id="20" ids="20;19;21;"/>
        <neighbor id="21" ids="21;22;20;"/>
        <neighbor id="22" ids="22;21;23;"/>
        <neighbor id="23" ids="23;24;22;"/>
        <neighbor id="24" ids="24;23;25;"/>
        <neighbor id="25" ids="25;24;26;"/>
        <neighbor id="26" ids="26;27;25;"/>
        <neighbor id="27" ids="27;26;28;"/>
        <neighbor id="28" ids="28;27;29;"/>
        <neighbor id="29" ids="29;30;28;"/>
        <neighbor id="30" ids="30;31;29;"/>
        <neighbor id="31" ids="31;30;32;"/>
        <neighbor id="32" ids="32;33;31;"/>
        <neighbor id="33" ids="33;32;34;"/>
        <neighbor id="34" ids="34;35;33;"/>
        <neighbor id="35" ids="35;34;36;"/>
        <neighbor id="36" ids="36;35;34;"/>
    </neighbors>
</hark_xml>
